Título|Autor|Categorias|Data de publicação|Editora|Páginas|ISBN|Lido|Período de leitura|Comentários|Sumário|Caminho da capa|imagem|peso|tam_altura|tam_largura|tam_espessura|preço|disponível
101 DICAS PRATICAS DE LIDERANÇA|JOHN BALDONI||01/01/14|Sextante|224|9788543100852||||Repleto de informações acessíveis e fundamentado em pesquisas atuais sobre o papel dos líderes e as expectativas de suas equipes, este livro é organizado em três seções - você, colegas e a empresa. John Baldoni, experiente coach de executivos, trata de to|/MyLibrary/Images/Books/193.png|193.png|0,35|22,4|15,2|1,23|35|sim
89 TEORIAS DE GESTAO QUE TODO GESTOR DEVE SABER|BOB BATES||2014|Saraiva|264|9788502229303||||O dia a dia de qualquer gestor é muito atribulado, e ele tem de estar sempre preparado para resolver problemas. Mas o que faz de alguém um grande gestor? Quais são os segredos de um gerenciamento efetivo? Durante anos e anos, pesquisadores do mundo todo e|/MyLibrary/Images/Books/42.png|42.png|0,35|22,4|15,2|1,23|35|sim
9 Atitudes das Pessoas Bem- Sucedidas (Em Portugues do Brasil)|Heidi Halvorson||01/01/14|Sextante|0|9788543101330|||||/MyLibrary/Images/Books/51.png|51.png|0,35|22,4|15,2|1,23|35|não
A Agenda Oculta (Em Portuguese do Brasil)|Kevin Allen||2012|Elsevier|0|9788535262018|||||/MyLibrary/Images/Books/131.png|131.png|0,35|22,4|15,2|1,23|35|sim
A Arte de Argumentar – Gerenciando Razão e Emoção|Antônio Suárez Abreu||2001|Atelie Editorial|139|9788585851811||||Este guia se dirige a todos aqueles que pretendem melhorar os relacionamentos por meio da criatividade e do trabalho em equipe. As sugestões do autor são endereçadas principalmente a executivos, professores, psicólogos, advogados e profissionais de venda.|/MyLibrary/Images/Books/94.png|94.png||||||
A ARTE DE FAZER ACONTECER|DAVID ALLEN||01/01/05|Gulf Professional Publishing|224|9788535219081||||Segundo a obra, só quando as mentes estão claras e os pensamentos organizados é que as pessoas podem atingir a produtividade sem estresse e liberar o potencial criativo. Desde os princípios fundamentais (como decidir qual será o próximo passo para cada it|/MyLibrary/Images/Books/74.png|74.png||||||
A Cauda Longa|Chris Anderson||2006|Elsevier Brasil|240|9788535221831||||Chris Anderson, editor chefe da revista 'Wired', explorou pela primeira vez o fenômeno da 'cauda longa' em um artigo que se tornou um dos mais influentes ensaios sobre negócios de nosso tempo. Usando o mundo dos filmes, dos livros e da música, mostra que |/MyLibrary/Images/Books/206.png|206.png||||||
A DESCOBERTA DO FLUXO|MIHALY CSIKSZENTMIHALYI||||168|9788532510143||||Quando criança, Mihaly Csikszentmihalyi ficava surpreendido ao observar que, mesmo sob o horror da Segunda Guerra Mundial, algumas pessoas utilizavam sua coragem para ajudar o próximo e eram capazes de dar direção e sentido às suas vidas. Após mais de tri|/MyLibrary/Images/Books/adescobertadofluxo.jpg|adescobertadofluxo.jpg||||||
A ELITE DO COACHING NO BRASIL|SULIVAN FRANÇA||2013|SF PUBLICACOES EDITORIAIS|184|9788566625004||||A ideia desta obra começou com o propósito de formar uma massa crítica em Coaching na América Latina. Com a parceria entre SLACoaching (Sociedade Latino Americana de Coaching), a obra corresponde a um programa profissional de formação de coaches que, mais|/MyLibrary/Images/Books/102.png|102.png||||||
A Energia do dinheiro|Glória Maria Garcia Pereira|Finance, Personal|2003|Gulf Professional Publishing|240|9788535213010||||A proposta deste livro é mostrar o sentido e a prática do dinheiro, as leis naturais, energéticas e econômicas para que o leitor desfrute ao máximo as potencialidades deste novo mundo, cheio de oportunidades estimulantes. Alguns dos temas abordados neste |/MyLibrary/Images/Books/209.png|209.png||||||
A ERA DA CURADORIA|GILBERTO DIMENSTEIN||2015|Papirus 7 Mares|128|9788561773786||||O acesso cada vez maior à tecnologia permite hoje que informações de toda sorte cheguem até nós das mais diferentes formas. Num momento em que todos podemos ser, ao mesmo tempo, leitores e autores, surge a necessidade de saber selecionar no meio do caos a|/MyLibrary/Images/Books/137.png|137.png||||||
A esperanc?a|Suzanne Collins|Contests|2011|French and European Publications Inc|421|9788579800863||||Depois de sobreviver duas vezes à crueldade de uma arena projetada para destruí-la, Katniss acreditava que não precisaria mais lutar. Mas as regras do jogo mudaram - com a chegada dos rebeldes do lendário Distrito 13, enfim é possível organizar uma resist|/MyLibrary/Images/Books/8.png|8.png||||||
A Estratégia Do Oceano Azul|W. Chan Kim|Business & Economics|2005|Elsevier Brasil|241|9788535215243||||Apresenta o conceito de oceano azul, o espaço do mercado desconhecido, e esboça suas principais características. Avalia as consequências do lucro e crescimento, e discute porque sua criação é um imperativo crescente para empresas no futuro. Inclui exemplo|/MyLibrary/Images/Books/198.png|198.png||||||
A ESTRUTURA DA MAGIA|RICHARD BANDLER||1980|LTC|272|9788521612544||||Este livro foi projetado para oferecer ao leitor um instrumental explícito que irá ajudá-lo a tornar-se um terapeuta mais eficiente. O capítulo 1 mostra que nós não operamos diretamente no mundo em que vivemos, mas, ao contrário, criamos modelos ou mapas |/MyLibrary/Images/Books/121.png|121.png||||||
A FASCINANTE CONSTRUÇAO DO EU|AUGUSTO CURY||01/01/14|Academia de Inteligencia|192|9788542203240||||Quem pode controlar todos os fenômenos de existência? Ninguém! Mal conseguimos controlar as variáveis que nos envolvem, como o tempo, emoções, pensamentos, motivações. Quem tem um Eu plenamente saudável? Quem está preparado para todos os eventos da vida? |/MyLibrary/Images/Books/85.png|85.png||||||
A Hora da Geração Digital|Don Tapscott||01/01/10|Agir Editora|448|9788522011391||||A hora da geração digital' é uma investigação do universo digital da tecnologia do século XXI. O autor Dan Tapscott entrevistou cerca de 10 mil jovens e, no lugar de um bando de gente grudada em telas com pouca capacidade de concentração e sem habilidades|/MyLibrary/Images/Books/218.png|218.png||||||
A Ilusão de Ícaro (Em Portuguese do Brasil)|Seth Godin||2013|Elsevier|0|9788535272451|||||/MyLibrary/Images/Books/ailusaodeicaro.jpg|ailusaodeicaro.jpg||||||
A JORNADA DO ESCRITOR|CHRISTOPHER VOGLER||11/06/15|Aleph|488|9788576572176||||"Em 1949, no clássico ""O herói de mil faces"", o estudioso Joseph Campbell conceituou a chamada Jornada do Herói: uma estrutura presente nos mitos e replicada em todas as boas histórias já contadas e recontadas pela humanidade. Em ""A Jornada do Escritor"", C"|/MyLibrary/Images/Books/173.png|173.png||||||
A meta: um processo de melhoria contínua|Eliyahu M. Goldratt||2006|NBL Editora|365|9788521312369||||Escrita em forma de romance, esta obra trata dos princípios de funcionamento de uma indústria, questionando o porquê de ela funcionar de determinada forma e como seria possível solucionar os problemas de empresas que estão com atrasos na produção e baixa |/MyLibrary/Images/Books/75.png|75.png||||||
A quinta disciplina|Peter M. Senge||2009|Best Seller|530|9788576843719||||Desenvolve um amplo leque de ferramentas que visam estimular o trabalho em equipe, a criatividade, a habilidade em encarar desafios e adaptar-se continuamente às mudanças. Propõe um pensamento sistêmico, que integra todos os compartimentos do saber e da p|/MyLibrary/Images/Books/163.png|163.png||||||
A REVOLUÇAO DAS MIDIAS SOCIAIS|ANDRE TELLES||01/01/10|M. Books|200|9788576800958||||Este livro visa a auxiliar o leitor a tirar proveito das mídias sociais, individualmente e em conjunto. Para isso, o autor apresenta os diferentes tipos de mídias sociais de acordo com o foco de atuação. Sumário - Sites de Compartilhamento de Vídeos; Áudi|/MyLibrary/Images/Books/90.png|90.png||||||
A TRIADE DO TEMPO|CHRISTIAN BARBOSA||01/01/11|Sextante|256|9788575427248||||Neste livro, Christian Barbosa oferece uma possível solução para quem deseja uma vida mais equilibrada, voltada para a realização dos seus sonhos. Com base em uma pesquisa realizada com mais de 42 mil pessoas em todo o mundo, ele apresenta um método de pl|/MyLibrary/Images/Books/117.png|117.png||||||
ABUNDANCIA|STEVEN KOTLER|Business & Economics|14/04/16|HSM|424|9788565482165||||"""Abundância - O Futuro É Melhor do que Você Imagina"" documenta como o progresso nas áreas de inteligência artificial, robótica, manufatura digital, nanomateriais, biologia sintética e muitas outras tecnologias de crescimento exponencial permitirão que ten"|/MyLibrary/Images/Books/26.png|26.png||||||
ACCOUNTABILITY|JOAO CORDEIRO||2013|Évora|0|9788563993717|||||/MyLibrary/Images/Books/120.png|120.png||||||
ADMINISTRACAO FINANCEIRA NA PRATICA - GUIA PARA EDUCACAO FINANCEIRA CORPORATIVA E GESTAO FINANCEIRA|Masakazu Hoji||2013|SCIPIONE|0|9788522461653|||||/MyLibrary/Images/Books/207.png|207.png||||||
Administração Espiritual do Tempo (Em Portuguese do Brasil)|Anselm Grün||2010|Vozes|0|9788532639523|||||/MyLibrary/Images/Books/administracaoespitirualdotempo.jpg|administracaoespitirualdotempo.jpg||||||
administração na próxima sociedade, A – Exame|P. Drucker||2002|NBL Editora|211|9788521312383||||A sociedade da informação: Para além da revolução da informação; O mundo em explosão da internet; Da alfabetização em computador à alfabetização em informação; Comércio eletrônico - o principal desafio; A nova economia ainda não chegou; O CEO no novo milê|/MyLibrary/Images/Books/83.png|83.png||||||
Antifragil: Coisas Que Se Beneficiam Com O Caos (Em Portugues do Brasil)|Nassim Nicholas Taleb||01/01/14|Best Business|0|9788576846130|||||/MyLibrary/Images/Books/130.png|130.png||||||
Análise de balanços|Sérgio de Iudícibus||1998|Atlas|225|9788522418718||||Este livro reúne um conjunto de características que o diferenciam dos que adotam as abordagens da Análise de Balanços. Preocupa-se em fixar uma série de princípios contábeis e em definir as bases e estruturas dos sistemas contábeis para fundamentar mais s|/MyLibrary/Images/Books/no_img.jpg|no_img.jpg||||||
Análise transacional ao vivo|Roberto Kertesz||1987|Summus|167|9788532302878||||Este livro oferece uma introdução completa à análise transacional, correspondente ao curso conhecido como '101'. Nele o leitor encontrará respostas às perguntas mais comuns no estudo e aplicação da análise transacional, familiarizando-se com os 10 instrum|/MyLibrary/Images/Books/72.png|72.png||||||
APRENDA A SER OTIMISTA|MARTIN E. P. SELIGMAN|||Best Seller|392|9788577010493||||O livro ensina como se tornar um verdadeiro otimista por meio do fortalecimento interior, mostrando como desenvolver níveis de otimismo que permitam viver uma vida de realizações.|/MyLibrary/Images/Books/125.png|125.png||||||
Apresentacao Zen - Ideias Simples Sobre O Desing (Em Portuguese do Brasil)|Garr Reynolds|||Alta Books|0|9788576082330|||||/MyLibrary/Images/Books/134.png|134.png||||||
As 21 Irrefutaveis Leis DA Lideranca (Portuguese Edition)|John Maxwell||25/01/08|Thomas Nelson Brasil|336|9788560303212|||||/MyLibrary/Images/Books/169.png|169.png||||||
As 3 leis do desempenho (Portuguese Edition) (Selo Business)|Steve Zaffron||2009|Primavera|248|9788561977085|||||/MyLibrary/Images/Books/103.png|103.png||||||
Assim é que se Fala: Como Organizar a Fala e Transmitir Idéias|Reinaldo Polito||2005|Saraiva|0|9788502051041|||||/MyLibrary/Images/Books/196.png|196.png||||||
ATE ONDE VOCE VAI?|JOHN C. MAXWELL||28/11/14|THOMAS NELSON - VIDA MELHOR|176|9788578606855||||Livro de John C. Maxwell ensina leitores a cultivar atitudes que contribuem para alcançar o sucesso. Maxwell mostra como uma mudança de atitude pode alterar radicalmente o rumo da vida e da trajetória profissional, e como transformar a mente para o sucess|/MyLibrary/Images/Books/66.png|66.png||||||
Através da lógica|Cinara Nahra||2009|Vozes|173|9788532618658||||A obra procura trazer a lógica para dentro dos usos e práticas cotidianos e fazer dela um instrumento de esclarecimento e postura diante dos impasses, embustes e possíveis enganos da vida social, política e estudantil.|/MyLibrary/Images/Books/136.png|136.png||||||
Aula com Drucker, Uma|William Cohen|||Elsevier Brasil|296|9788535227529||||Neste livro Cohen divide com os leitores muito do que aprendeu com o 'Grande Mestre', lições que nunca foram registradas em livros ou artigos, idéias que Drucker transmitiu aos seus alunos em sala de aula ou conversas informais. O autor acrescenta algumas|/MyLibrary/Images/Books/33.png|33.png||||||
BASTA PENSAR DIFERENTE|SARAH EDELMAN||2014|Fundamento|440|9788539504435|||||/MyLibrary/Images/Books/63.png|63.png||||||
Blink|Malcolm Gladwell|Decision making|2005|Rocco|293|9788532519610||||O título 'Blink - A decisão num piscar de olhos' pode sugerir algum tratado de auto-ajuda, mas na verdade, o livro analisa a importância do que chamamos de intuição. Trata das decisões instantâneas da parte do nosso cérebro conhecida como 'inconsciente ad|/MyLibrary/Images/Books/100.png|100.png||||||
Bom Chefe, Mau Chefe: Como Ser O Melhor ... E Aprender Com O Que Ha? De Pior|Robert I. Sutton||01/01/10|Bookman|0|9788577808021|||||/MyLibrary/Images/Books/179.png|179.png||||||
CAFE COM EFICIENCIA|CHUCK MARTIN||01/01/08|Sextante|112|9788575424438||||Este livro é destinado àqueles que sacrificam parte de seu tempo livre tentando colocar as obrigações em dia, mal têm tempo para a sua família e acreditam que a felicidade é um sonho distante.|/MyLibrary/Images/Books/168.png|168.png||||||
Caminhos da mudança (Portuguese Edition)|Eugenio Mussak||21/02/17|Integrare Editora|259|9788599362273|||||/MyLibrary/Images/Books/150.png|150.png||||||
Casais Inteligentes Enriquecem Juntos (Em Portugues do Brasil)|Gustavo Cerbasi||2004|Gente|165|9788573124392|||||/MyLibrary/Images/Books/216.png|216.png||||||
Casos de Ética Empresarial. Chaves Para Entender e Decidir (Em Portuguese do Brasil)|Robert Srour||2011|Elsevier|0|9788535247510|||||/MyLibrary/Images/Books/34.png|34.png||||||
CHECKLIST - COMO FAZER AS COISAS BENFEITAS|ATUL GAWANDE||01/01/11|Sextante|224|9788575426661||||Em 'Checklist', Atul Gawande parte de relatos de cirurgias de risco para refletir sobre a forma como os profissionais lidam com a complexidade crescente de suas funções. Ele faz uma distinção entre erros de ignorância (que acontecem porque não se têm o co|/MyLibrary/Images/Books/142.png|142.png||||||
Chutando a escada|Ha-Joon Chang||2004|UNESP|266|9788571395244||||"Examina a grande pressão que o mundo desenvolvido exerce sobre os países em desenvolvimento para que adotem certas ""políticas boas e instituições boas"". Adota uma abordagem histórica para constatar que a evolução dos países atualmente desenvolvidos, difer"|/MyLibrary/Images/Books/30.png|30.png||||||
Cloud Computing - Computação em Nuvem|CEZAR TAURION|||Brasport|228|9788574524238||||O termo Cloud Computing surgiu em 2006 em uma palestra de Eric Schmidt, do Google, sobre como sua empresa gerenciava seus data centers. A proposta deste livro é explorar e debater os aspectos de uso da Computação em Nuvem, suas potencialidades e restriçõe|/MyLibrary/Images/Books/212.png|212.png||||||
COACHING COM PNL|ANDREA LAGES||2008|Qualitymark Editora Ltda|272|9788573038323||||Este é um livro muito prático, escrito por Andréa Lages e Joseph O’Connor, dois renomados especialistas da área, respeitados internacionalmente. Na obra, há uma combinação entre as teorias mais avançadas e os exemplos práticos de fácil entendimento ao lei|/MyLibrary/Images/Books/122.png|122.png||||||
Coaching o Exercício da Liderança (Em Portuguese do Brasil)|Laurence Goldsmith Marshall^Lyons||2012|Elsevier|0|9788535261998|||||/MyLibrary/Images/Books/39.png|39.png||||||
Coaching vocacional|Maurício Sampaio||2015|DSOP|135|9788582761342|||||/MyLibrary/Images/Books/32.png|32.png||||||
Como Avaliar Sua Vida? (Em Portuguese do Brasil)|Clayton Christensen||2012|Alta Books|0|9788576087670|||||/MyLibrary/Images/Books/144.png|144.png||||||
Como chegar ao sim|Roger Fisher||2005|Imago|214|8531209560||||Esta obra busca oferecer uma estratégia para se chegar a acordos mutuamente aceitáveis em toda espécie de conflito - quer envolvam pais e filhos, vizinhos empregadores e empregados, clientes e empresas, inquilinos e diplomatas. Baseando-se no trabalho do |/MyLibrary/Images/Books/comochegaraosim.jpg|comochegaraosim.jpg||||||
COMO DESVENDAR SEGREDOS|DAVID CRAIG||2015|Cultrix|208|9788531613142||||Especialista em ações de espionagem, o Dr. David Craig simplifica os métodos psicológicos usados com eficiência por investigadores e agentes secretos para convencer outras pessoas a revelarem seus segredos. Ele mostra como essas habilidades podem ser apli|/MyLibrary/Images/Books/157.png|157.png||||||
COMO DIZER? - A ARTE DE DAR E RECEBER FEEDBACK|ELIANA PITA||2013|QualityMark|144|9788541401074||||Na realidade dos atuais gestores no que se refere a feedback, a máxima vigente é - 'Quando não há o que dizer, significa que está tudo bem. E se há algo a ser dito é porque precisa ser corrigido.' Esse pensamento é fruto da crença de que a obrigação dos c|/MyLibrary/Images/Books/81.png|81.png||||||
Como Ler, Entender e Redigir um Texto|Enilde L.J. Faulstich||2004|Vozes|177|9788532606082|||||/MyLibrary/Images/Books/188.png|188.png||||||
COMUNICAÇAO VISUAL|MARTIN J EPPLER||2013|Elsevier|128|9788535276497||||Há diversos elementos/metodologias que vem ocorrendo em paralelo ao design thinking, porém, até o momento, não estavam sendo aplicadas a processos de comunicação. Esta obra representa uma oportunidade para ensinar executivos, empreenderes sociais, profiss|/MyLibrary/Images/Books/comunicacaovisual.jpg|comunicacaovisual.jpg||||||
Confrontos Decisivos (Em Portugues do Brasil)|Varios Autores||01/01/12|Leya|0|9788580445640|||||/MyLibrary/Images/Books/48.png|48.png||||||
CONHECIMENTO EM TI|PETER WEILL||2010|M.Books|164|9788576800927||||Este é um livro sobre como usar a TI para direcionar resultados finais. Utilizando exemplos de empresas globais, os autores defendem um conjunto de capacidades e ações de liderança necessárias na jornada para o leitor se tornar perito no assunto. Este liv|/MyLibrary/Images/Books/82.png|82.png||||||
Conhecimento Empresarial|Thomas H. Davenport||1998|Elsevier Brasil|237|9788535203523||||Este livro é um guia prático para empresas que consideram o conhecimento a única fonte sustentável de vantagem competitiva duradoura. Os autores revelam como empresas de qualquer setor podem entender, analisar, mensurar e gerir seu ativo intelectual.|/MyLibrary/Images/Books/89.png|89.png||||||
CONSIGA O QUE VOCE QUER|STUART DIAMOND||01/01/12|Sextante|384|9788575427699||||Este livro procura mostrar que descobrir e valorizar as emoções e as percepções da outra parte é mais vantajoso do que o uso do poder e da lógica. Busca fazer com que o leitor mude a forma de conduzir seus relacionamentos com a família, com os amigos, no |/MyLibrary/Images/Books/19.png|19.png||||||
Contabilidade introdutória|por uma equipe de professores da FEAUSP, coord. Sérgio de Iudícibus.||1998|Atlas|304|8522442622||||Os livros que integram o conjunto 'Contabilidade Introdutória' - Livro-texto, livro de exercícios e manual do professor - inovam o ensino da Contabilidade no Brasil. O conjunto originou-se de cursos desenvolvidos no Departamento de Contabilidade da FEA/US|/MyLibrary/Images/Books/contailidadeintrodudoria.jpeg|contailidadeintrodudoria.jpeg||||||
Convergente|Veronica Roth||2014|Rocco Jovens Leitores|526|9788579801860|||||/MyLibrary/Images/Books/5.png|5.png||||||
Conversas Dificeis|Bruce^Stone, Douglas Heen Sheila^Patton||2011|Elsevier|0|9788535249170|||||/MyLibrary/Images/Books/60.png|60.png||||||
Corpo Revela, O|RON KURTZ||1989|Grupo Editorial Summus|168|9788532303431||||O corpo fala claramente, revelando o caráter e a maneira de a pessoas ser no mundo. Revela traumas passados e a personalidade atual. Este livro é uma significativa contribuição ao campo da terapia corporal, apoiada nas idéias de Wilhelm Reich. Um guia rev|/MyLibrary/Images/Books/139.png|139.png||||||
Corrente crítica|Eliyahu M. Goldratt||2007|NBL Editora|260|9788521313106||||Eli Goldratt é um educador, cientista, filósofo, e líder empresarial. Acima de tudo, é um pensador que induz os outros a pensar. Este livro, uma envolvente obra de ficção voltada à administração empresarial, faz ao Gerenciamento de Projetos o que os outro|/MyLibrary/Images/Books/109.png|109.png||||||
Crenças - Caminhos Para a Saude E O Bem-estar|TIM HALLBOM||1993|Grupo Editorial Summus|192|9788532304322||||A programação neurolinguística por um de seus maiores representantes, Robert Dilts. Um manual revolucionário para ensinar, de uma forma rápida e efetiva, a identificar e remodelar nosso limitado sistema de crenças e comportamentos. Como combater fobias e |/MyLibrary/Images/Books/70.png|70.png||||||
Cultura da Interface|Steven Johnson|Computers|2001|Jorge Zahar Editor Ltda|189|9788571105898||||Johnson, uma das pessoas mais influentes na Internet segundo a revista 'Newsweek', supera a tradicional divisão entre cultura e tecnologia ao retomar o cruzamento histórico desta com a arte. Além disso, mostra como a interface do ciberespaço influencia a |/MyLibrary/Images/Books/87.png|87.png||||||
Cultura organizacional e cultura brasileira|Fernando C. Prestes Motta|Brazil|01/01/97|Editora Atlas|325|9788522417674||||Este livro pretende ser uma amostra das muitas possibilidades de aproximação, de alternativas de diálogo, entre a pesquisa sobre cultura organizacional no Brasil e o entendimento da cultura brasileira. A obra é uma coletânea que busca condensar trabalhos |/MyLibrary/Images/Books/182.png|182.png||||||
DAR E RECEBER|ADAM GRANT||01/01/14|Sextante|288|9788543100739||||Adam Grant reúne suas conclusões sobre os motivos pelos quais algumas pessoas chegam ao topo da escala de sucesso, enquanto outras permanecem na mediocridade. Ele explica que, nas interações profissionais, podemos atuar como tomadores, compensadores ou do|/MyLibrary/Images/Books/126.png|126.png||||||
DATACLISMA|CHRISTIAN RUDDER||01/01/15|Best Seller|304|9788576846864||||Através da análise dos dados de um site de relacionamentos, uma investigação audaciosa e irreverente sobre o comportamento humano Com nossas vidas cada vez mais expostas on-line, é possível que usem nossos dados para todo tipo de atividade- nos espionar, |/MyLibrary/Images/Books/110.png|110.png||||||
De Zero A Um (Em Portugues do Brasil)|Peter Thiel/Blake Masters||01/01/14|Objetiva|0|9788539006205|||||/MyLibrary/Images/Books/159.png|159.png||||||
Decisoes Mais Inteligentes (Em Portuguese do Brasil)|Vários Autores||2008|Elsevier|0|9788535229332|||||/MyLibrary/Images/Books/145.png|145.png||||||
Desafio da Lideranca, O : Como Aperfeicoar sua Capacidade de Liderar|James Kouzes||2013|Elsevier|0|9788535262254|||||/MyLibrary/Images/Books/149.png|149.png||||||
Descarte velhas regras, adote novas leis - Como equilibrar metas de curto e longo prazo e vencer a crise do imediatismo|DON PEPPERS||2008|Globo Livros|344|9788525045683||||Aos profissionais e estudantes de Administração de Empresas, Publicidade, Economia e diversos ramos ligados ao mercado corporativo são apresentadas idéias de aplicação imediata em substituição a antigos pressupostos, imitações e círculos viciosos encontra|/MyLibrary/Images/Books/73.png|73.png||||||
Descubra seus pontos fortes|Marcus Buckingham||2008|Sextante|270|9788575423929||||Marcus Buckingham e Donald O. Clifton descobriram que a maioria das empresas dá pouca ou nenhuma atenção aos pontos fortes de seus funcionários. Preferem investir tempo e dinheiro na tarefa de corrigir suas fraquezas, achando que desse modo as pessoas ati|/MyLibrary/Images/Books/53.png|53.png||||||
Desenhando com o lado direito do cérebro|Betty Edwards|Drawing|2000|Ediouro Publicações|299|9788500007484||||Desenhando com o Lado Direito do Cérebro' é um livro de ensino de desenho que procurar mostrar como adquirir a habilidade desejada, como confiar nesta habilidade e como aprofundar a percepção artística. Esta edição traz ainda - progressos de pesquisas sob|/MyLibrary/Images/Books/128.png|128.png||||||
Desenvolvimento como liberdade|Amartya Sen|Economic development|2000|Editora Companhia das Letras|409|9788571649781||||Desenvolvimento como liberdade; A perspectiva da liberdade; Os fins e os meios do desenvolvimento; Liberdade e os fundamentos da justiça; Pobreza como privação de capacidades; Mercados, Estado e oportunidade social; A importância da democracia; Fomes cole|/MyLibrary/Images/Books/76.png|76.png||||||
Destaque-Se - Standout (Em Portugues do Brasil)|Marcus Buckingham||01/01/12|Sextante|0|9788575428542|||||/MyLibrary/Images/Books/52.png|52.png||||||
DEVAGAR E SIMPLES|ANDRE LARA RESENDE||01/01/15|Companhia das Letras2|208|9788535926248||||Depois de Os limites do possível, coletânea de textos que questionam o pressuposto de que o crescimento leva necessariamente ao bem-estar e à felicidade -, André Lara Resende reúne agora momentos altos de sua produção dos últimos anos, entre artigos publi|/MyLibrary/Images/Books/68.png|68.png||||||
Divergente|Veronica Roth||01/01/12|Rocco Jovens Leitores|502|9788579801310|||||/MyLibrary/Images/Books/2.png|2.png||||||
Do que é feito o pensamento|Steven Pinker||2008|Editora Companhia das Letras|561|9788535913026||||Combinando alguns de seus livros anteriores como 'O instinto da linguagem' (1994) e 'Como a mente funciona' (1997), Steven Pinker encontra na linguagem uma janela para uma possível explicação da natureza humana.|/MyLibrary/Images/Books/135.png|135.png||||||
EFEITO MEDICI, O - COMO REALIZAR DESCOBERTAS|FRANS JOHANSSON||2008|Best Seller|280|9788576842040||||O Efeito Medici' apresenta histórias sobre interseções entre campos tão diversos quanto ciência, negócios, arte e política. A partir de diversos exemplos, a obra aborda a importância de romper barreiras associativas e avaliar problemas sob novas perspecti|/MyLibrary/Images/Books/156.png|156.png||||||
Eficacia profissional|ANTONIO CARLOS VALENÇA||1997|Qualitymark Editora Ltda|274|9788573031270||||Nesta obra, Valença apresenta os principais conceitos de Ciência da Ação, cujas origens remontam à Theory in Practice, de Chris Argyris e Donald Schön, acompanhando a evolução de muitos destes princípios na obra dos autores. O livro está dividido em duas |/MyLibrary/Images/Books/35.png|35.png||||||
Em chamas|Suzanne Collins|Adventure and adventurers|2011|French and European Publications Inc|413|9788579800641||||Depois de ganhar os Jogos Vorazes, competição entre jovens transmitida ao vivo para todos os distritos de Panem, Katniss agora terá que enfrentar a represália da Capital e decidir que caminho tomar quando descobre que suas atitudes nos jogos incitaram reb|/MyLibrary/Images/Books/6.png|s6.png||||||
Empresas feitas para vencer|JIM COLLINS||2001|Gulf Professional Publishing|395|9788535209181||||Este livro sugere ao leitor descobrir o que é necessário para transformar o bom em ótimo e fala de como transformar uma boa organização numa organização que gera excelentes resultados sustentáveis. Trata, essencialmente, dos princípios atemporais do proce|/MyLibrary/Images/Books/175.png|175.png||||||
Ensaios científicos|Johann Wolfgang von Goethe||2012|Barany|116|9788561080150||||A proposta deste livro é mostrar que Goethe resgatou a 'Metodologia Científica Dedutiva', a qual havia sido formulada por Aristóteles, para ser aceita como metodologia científica de validade universal. Como desenvolver essa metodologia científica é o obje|/MyLibrary/Images/Books/189.png|189.png||||||
Erros correntes da lingua portuguesa: Dicionario de questoes de linguagem (Portuguese Edition)|Adilson Gobes||1995|Editora Atlas|180|9788522411832|||||/MyLibrary/Images/Books/80.png|80.png||||||
Essencia Da Mente, a|STEVE E CONNIRAE ANDREAS||1993|Grupo Editorial Summus|280|9788532304179||||Uma abordagem ao mesmo tempo poderosa e suave no campo da programação nerolinguística, que permite superar os problemas da vida cotidiana. A descoberta de caminhos para melhorar a auto-estima e os relacionamentos, e criar motivações positivas. Relatos de |/MyLibrary/Images/Books/67.png|67.png||||||
ESSENCIALISMO - A DISCIPLINADA BUSCA POR MENOS|GREG MCKEOWN||01/01/15|Sextante|272|9788543102146||||Se você se sente sobrecarregado e ao mesmo tempo subutilizado, ocupado mas pouco produtivo, e se o seu tempo parece servir apenas aos interesses dos outros, você precisa conhecer o essencialismo. O essencialismo é mais do que uma estratégia de gestão de t|/MyLibrary/Images/Books/no_img.jpg|FwL.jpg||||||
Execução|Larry Bossidy||2004|Elsevier Brasil|261|9788535215380||||Este livro procura mostrar como fechar a lacuna entre os resultados prometidos e os alcançados. Os autores pretendem revelar a importância do envolvimento em uma organização e explicar por que um diálogo consistente sobre pessoas, estratégias e operações |/MyLibrary/Images/Books/202.png|202.png||||||
FAÇA COMO STEVE JOBS - E REALIZE APRESENTAÇOES|CARMINE GALLO||01/01/10|Lua de Papel|256|9788563066169||||O método das apresentações de Steve Jobs é analisado neste livro por meio da estrutura de suas palestras. Em 'Faça como Steve Jobs', Carmine Gallo esclarece o magnetismo desse líder, destrinchando cada momento de suas apresentações em técnicas aplicáveis.|/MyLibrary/Images/Books/154.png|154.png||||||
Faça tudo acontecer|DAVID ALLEN||2009|Gente|309|9788573126709||||Faça tudo acontecer!' ajudará o leitor a definir onde está, quais são seus objetivos, e como pode alcançá-los. Controle e perspectiva são as bases do método de David Allen presentes neste livro para o leitor vencer no jogo do trabalho e nos negócios da vi|/MyLibrary/Images/Books/77.png|77.png||||||
Filosofia e Cidadania - Volume Único (Em Portuguese do Brasil)|José Antonio Marina||2010|SM Didático|0|9788576756101|||||/MyLibrary/Images/Books/18.png|18.png||||||
FORA DE SERIE - OUTLIERS|MALCOLM GLADWELL||01/01/08|Sextante|288|9788575424483||||Neste livro, o autor faz a pergunta - 'O que torna grandes conquistadores pessoas diferentes?' Sua resposta é o lugar de onde eles vêm - sua cultura, sua família, sua geração e sua educação.|/MyLibrary/Images/Books/127.png|127.png||||||
Gadget: Voce Nao e Um Aplicativo! - You Are Not A (Em Portugues do Brasil)|Jaron Lanier||01/01/10|Saraiva|0|9788502101739|||||/MyLibrary/Images/Books/92.png|92.png||||||
GEOATLAS|MARIA ELENA SIMIELLI||2012|Ática|184|9788508158119||||Contém mais de duzentos mapas, incluindo mapas temáticos e mapas do Brasil. A disposição espelhada dos mapas - físicos e políticos - visa permitir a correlação entre os fenômenos geográficos analisados. Fotos, imagens de satélites, climogramas, perfis top|/MyLibrary/Images/Books/15.png|15.png||||||
Gerenciamento da rotina do trabalho do dia-a-dia|Vicente Falconi Campos||2004|Indg|266|9788598254036||||O que é gerenciamento da rotina do trabalho do dia-a-dia (daily work routine management); Gerente como líder de mudanças; Como planejar a melhoria do seu gerenciamento; Promovendo mudanças por meio do 5S; Como gerenciar para melhorar resultados; Como padr|/MyLibrary/Images/Books/184.png|184.png||||||
GERENCIE SUA MENTE, NAO SEU TEMPO|DAVID ALLEN|||Landscape|198|8577750353||||Gerencie sua mente, não seu tempo' procura ensinar ao leitor como fazer com que tudo aconteça sem tanto esforço, estresse e com mais energia e criatividade. São 52 capítulos de dicas para viver sem estresse, apreendendo a focar as coisas que realmente imp|/MyLibrary/Images/Books/gerenciesuamente.jpg|gerenciesuamente.jpg||||||
Gestão Do Conhecimento|Harvard Business Review||2001|Elsevier Brasil|205|9788535206999||||A gestão do conhecimento- a maneira como as empresas geram, difundem e alavancam seus ativos intelectuais- apenas recentemente emergiu como fonte essencial de vantagem competitiva na economia da informação. A Harvard Business Review se inclui entre os pio|/MyLibrary/Images/Books/101.png|101.png||||||
GUIA DO TRABALHO CIENTIFICO|CELSO FERRAREZI JUNIOR||2011|Contexto|160|9788572446310||||Guia do Trabalho Científico' é um livro de consulta para alunos que necessitam conhecer e executar as normas de publicações científicas. Os capítulos abordam desde a explicação sobre a organização do sistema acadêmico brasileiro, até o direcionamento de c|/MyLibrary/Images/Books/91.png|91.png||||||
Guinness World Records 2014 (Em Portugues do Brasil)|Guinness World Records (Org. )||01/01/13|Agir|0|9788522014897|||||/MyLibrary/Images/Books/10.png|10.png||||||
Homem mais rico da Babilônia,O|George Samuel Clason||2006|Ediouro Publicações|157|9788500003042||||Traz orientações através de parábola ambientada na Babilônia sobre como ter sucesso financeiro, ganhando dinheiro, sabendo poupá-lo e tendo mais lucro.|/MyLibrary/Images/Books/96.png|96.png||||||
IDEIAS QUE COLAM|CHIP HEATH||2007|Editora Campus|280|9788535216912||||Todo mundo tem idéias a transmitir. De CEOs de grande empresas a mães que se dedicam à educação de seus filhos - um novo produto a ser lançado no mercado ou valores que está tentando ensinar a seus filhos. Mas é extremamente difícil influenciar e transfor|/MyLibrary/Images/Books/148.png|148.png||||||
Imagens da organização|Gareth Morgan||1996|Atlas|421|9788522413416||||O autor interpreta as organizações a partir de metáforas, comparando-as a imagens que permitem vê-las enquanto máquinas, organismos vivos, cérebros, culturas, sistemas políticos, prisões psíquicas, fluxos e transformações e, finalmente, enquanto instrumen|/MyLibrary/Images/Books/183.png|183.png||||||
Incrivelmente Simples: A Obsessao que Levou a Apple ao Sucesso|Ken Segall||2012|Elsevier|0|9788535256406|||||/MyLibrary/Images/Books/174.png|174.png||||||
INGENIUM|TINA SEELING||2012|Virgiliae|216|9788564684225||||Nesta obra, a autora apresenta casos de criatividade buscando deixar claro que é possível aprender a encarar os desafios da vida profissional e pessoal de um outro jeito e obtendo resultados mais expressivos. Seeling dá exemplos dos possíveis movimentos d|/MyLibrary/Images/Books/152.png|152.png||||||
INSURGENTE - UMA ESCOLHA PODE TE DESTRUIR|VERONICA ROTH|Juvenile Nonfiction|13/04/13|Rocco Jovens Leitores|512|9788579801556||||Na Chicago futurista criada por Veronica Roth em Divergente, as facções estão desmoronando. E Beatrice Prior tem que arcar com as consequências de suas escolhas. Em Insurgente, a aguardada continuação da série de distopia que se tornou o novo fenômeno do |/MyLibrary/Images/Books/4.png|4.png||||||
Inteligencia Positiva (Em Portugues do Brasil)|Shirzad Chamine||01/01/13|Fontanar|0|9788539004621|||||/MyLibrary/Images/Books/88.png|88.png||||||
INTR.AO ESTUDO DA ADMINISTRACA O|Antonio Maximiano|||Artmed|0|9788522436279|||||/MyLibrary/Images/Books/11.png|11.png||||||
INTRODUÇAO A NOVA ORDEM MUNDIAL|ALEXANDRE COSTA||04/05/15|Vide|172|9788567394503||||O livro não pretende analisá-lo minuciosamente, mas sim introduzir o assunto- o que é, em suma, a Nova Ordem Mundial, quem são os agentes, as ações, os planos, as organizações e as estratégias já em curso dentro deste complexo e obscuro cenário sócio-polí|/MyLibrary/Images/Books/24.png|24.png||||||
Introdução à programação neurolingüística|Joseph O'Connor||1995|Summus|227|9788532304711||||Completo manual sobre essa nova modalidade em psicologia aplicada que tanto tem atraído os profissionais e o público em geral. Por que algumas pessoas são mais bem-sucedidas do que outras? A PNL descreve e analisa as razões e as formas que poderão conduzi|/MyLibrary/Images/Books/69.png|69.png||||||
Jogos Vorazes - Portuguese edition of Hunger Games volume 1|Suzanne Collins||05/05/10|French and European Publications Inc|400|9788579800245|||||/MyLibrary/Images/Books/7.png|s7.png||||||
JUNTOS|RICHARD SENNETT||06/07/12|Record|378|9788501098085||||Nesta obra, Richard Sennett procura explorar como as pessoas podem aprender a cooperar nas culturas intensamente competitivas e egoístas. Dividido em três partes, 'Juntos' aborda a natureza da cooperação, por que esta se tornou fraca, e como poderia ser r|/MyLibrary/Images/Books/44.png|44.png||||||
JUSTIÇA - O QUE E FAZER A COISA CERTA|MICHAEL SANDEL||01/01/11|Civilizacao Brasileira|352|9788520010303||||Justiça' faz uma exploração investigativa e lírica do significado de justiça e convida os leitores de todas as doutrinas políticas a considerar as controvérsias familiares. Ação afirmativa, casamento entre pessoas do mesmo sexo, suicídio assistido, aborto|/MyLibrary/Images/Books/178.png|178.png||||||
Leitura Dinâmica|GERALDO R. CARAVANTES|||Editora AGE Ltda|164|9788574971919||||Neste livro, o autor aborda os princípios e técnicas utilizados para o desenvolvimento da leitura dinâmica, com uma introdução sobre o método, empregando exemplos diversos, além de testes e dicas.|/MyLibrary/Images/Books/93.png|93.png||||||
LIBERTE-SE DOS MEDOS|JOSEPH O'CONNOR||2008|Qualitymark Editora Ltda|280|9788573036992||||O livro é recomendado a todos que queiram mover-se de forma mais fácil e confiante ao longo da vida. A obra oferece uma visão de nossas ansiedades diárias. Diz respeito, também, a aproveitar a felicidade e a liberdade emocional de uma vida sem medos irrea|/MyLibrary/Images/Books/28.png|28.png||||||
Macbeth Cole‹o Reencontro Literatura|William Shakespeare||2002|Scipione|0|9788526246614|||||/MyLibrary/Images/Books/16.png|16.png||||||
MAIS DO QUE CHEGAR AO SIM|ERICA ARIEL FOX||2014|Saraiva|280|9788502225527||||Quantas vezes por dia você precisa negociar com você mesmo, querendo saber se vai aceitar mais um projeto ou manter sua promessa de pegar mais leve neste ano? Será que você deve dizer sim, deve dizer não ou deve tentar ganhar mais tempo? Deve fazer uma co|/MyLibrary/Images/Books/59.png|59.png||||||
Manual do CEO - Um Verdadeiro MBA Para o Gestor do Seculo XXI (Em Portugues do Brasil)|Josh Kaufman||01/01/12|Saraiva|400|9788502163164|||||/MyLibrary/Images/Books/172.png|172.png||||||
Manual do Estudante de Design (Em Portuguese do Brasil)|Vários Autores||2013|Europa|0|9788579601811|||||/MyLibrary/Images/Books/17.png|17.png||||||
Matematica financeira|Washington Franco Mathias, Jose Maria Gomes.-||1992|Atlas||9788522408122|||||/MyLibrary/Images/Books/no_img.jpg|no_img.jpg||||||
Matemática Financeira|Samuel Hazzan|||Saraiva|0|9788502032750|||||/MyLibrary/Images/Books/204.png|204.png||||||
Maus Conselhos Uma Armadilha Gerencial|Chris Argyris||2005|Bookman|165|9788536304212||||Vender conselhos é um dos grandes negócios do nosso tempo. Chris Argyris, um dos principais pensadores organizacionais da atualidade, revê uma série de conselhos dos melhores e mais brilhantes pensadores e consultores, e conclui que, por mais que suas idé|/MyLibrary/Images/Books/108.png|108.png||||||
MENTE ORGANIZADA, A - COMO PENSAR COM CLAREZA|DANIEL J. LEVITIN||02/09/15|Objetiva2|560|9788539006991||||Poderia a boa e velha organização ser o segredo fundamental para se navegar no mar de informações do mundo moderno? Enquanto notícias, textos, contas e aplicativos invadem nosso cotidiano, espera-se que tomemos rapidamente decisões cada vez maiores. Em ca|/MyLibrary/Images/Books/46.png|46.png||||||
Metacompetência: uma Nova Visão de Trabalho e da Realização Pessoal|Eugênio Mussak|||Gente|0|9788573124019|||||/MyLibrary/Images/Books/105.png|105.png||||||
Metodologia do trabalho cientifico|Antônio Joaquim Severino|Research|1996|Cortêz|252|9788524900501||||A organização da vida de estudos da universidade. A documentação como método de estudo pessoal. Diretrizes para a leitura, análise e interpretação de textos. Diretrizes para a realização de um seminário. Diretrizes para a elaboração de uma monografia cien|/MyLibrary/Images/Books/97.png|97.png||||||
Michaelis Dicionário Escolar Língua Portuguesa (Nova Ortografia - C/ CD-ROM)|Vários Autores||2015|Editora Melhoramentos|0|9788506054970|||||/MyLibrary/Images/Books/140.png|140.png||||||
Michaelis English-Brazilian Portuguese & Brazilian Portuguese-English School Dictionary|I. T. A. Silva||17/11/10|Companhia Melhoramentos de Sao Paulo|862|9788506054925|||||/MyLibrary/Images/Books/190.png|190.png||||||
MICROTENDENCIAS|MARK J. PENN||2008|Best Seller|588|9788576841357||||Em 'Microtendências', Mark J. Penn apresenta um conceito que leva o leitor a ver a vida moderna sob uma nova perspectiva. Com base na idéia de que pequenos nichos da população podem determinar o sucesso de empresas, campanhas políticas e movimentos sociai|/MyLibrary/Images/Books/185.png|185.png||||||
MOJO - COMO CONSEGUIR, MANTER E RECONQUISTAR O QUE|MARSHALL GOLDSMITH||2012|Nossa Cultura|238|9788580660265||||Mojo, segundo a autora, é aquele espírito positivo dirigido ao que se faz agora que parte do interior e se irradia para o exterior. Marshall Goldsmith pretende mostrar como se pode conquistar e manter o Mojo - não apenas profissionalmente, mas na vida por|/MyLibrary/Images/Books/195.png|195.png||||||
MOTIVAÇAO 3.0|DANIEL PINK||2012|Elsevier|240|9788535235586||||Neste livro, o autor defende que a motivação à base de recompensas e punições já não é mais eficiente, e que os fatores motivacionais vêm de dentro de cada um. É o legado deixado no mundo e o nível de satisfação pessoal e profissional que faz as pessoas b|/MyLibrary/Images/Books/37.png|37.png||||||
MSP 50 Artistas - Volume 1 (Em Portuguese do Brasil)|Maurício de Sousa||2009|Panini|0|9788573516289|||||/MyLibrary/Images/Books/12.png|12.png||||||
Mudar: Caminhos para a transformação verdadeira (Portuguese Edition)|Flávio Gikovate||08/07/14|MG Editores|103|9788572551090|||||/MyLibrary/Images/Books/143.png|143.png||||||
NAO TRABALHE MUITO - TRABALHE CERTO!|TONY SCHWARTZ||01/01/11|Campus/Elsevier|328|9788535241556||||Inspirado no trabalho realizado com diversas empresas, entre as quais Google, Ford, Sony, Ernest & Young, Shell e IBM, este livro pretende mapear uma forma diferente de trabalhar para reenergizar os funcionários com o objetivo de atingir maior produtivida|/MyLibrary/Images/Books/54.png|54.png||||||
Negociador, O: Estrategias de Negociacao Para Situacoes Extremas|Diógenes Lucca||2016|HSM|0|9788567389202|||||/MyLibrary/Images/Books/58.png|58.png||||||
NEGOCIE PARA VENCER - INSTRUMENTOS PRATICOS E|WILLIAM URY||18/07/16|HSM|216|9788565482271||||Todos queremos chegar ao sim, mas e se a outra pessoa insiste em dizer não? Como negociar e ter sucesso com um chefe teimoso, com um cliente furioso ou com um colega de trabalho desleal? Em Negocie para vencer, William Ury, do Program on Negotiation da Fa|/MyLibrary/Images/Books/no_img.jpg|kqL.jpg||||||
Ninguém Nasce Sabendo - Crônicas sobre a Educação no Século 21 (Portuguese Edition)|Anna Veronica Mautner||04/06/13|Summus Editorial|125|9788532309075|||||/MyLibrary/Images/Books/200.png|200.png||||||
Novi?ssimo diciona?rio de economia (Portuguese Edition)|Paulo Sandroni||1999|Editora Best Seller|649|9788571236547|||||/MyLibrary/Images/Books/205.png|205.png||||||
Novos Negocios No Brasil (Em Portugues do Brasil)|Silvio Meira||01/01/13|Casa da Palavra|0|9788577344123|||||/MyLibrary/Images/Books/129.png|129.png||||||
Não Há Tempo a Perder (Em Portuguese do Brasil)|Amyr Klink||2016|Tordesilhas|0|9788584190461|||||/MyLibrary/Images/Books/186.png|186.png||||||
O artífice|Richard Sennett||2009|Record|360|9788501083142||||Em seu livro, Richard Sennett explora o trabalho manual não industrializado. Ele conecta o esforço físico a valores éticos e discorre sobre o desejo de fazer as coisas da melhor maneira possível e sobre a frustração e os danos causados quando esse desejo |/MyLibrary/Images/Books/147.png|147.png||||||
O BUDA E O EXECUTIVO|BJ GALLAGHER||01/01/14|Cultrix|200|9788531612879|||||/MyLibrary/Images/Books/86.png|86.png||||||
O Capital Espiritual Da Empresa (Em Portuguese do Brasil)|Daniel Burkhard||2009|Elsevier|0|9788535232844|||||/MyLibrary/Images/Books/114.png|114.png||||||
O Capital No Seculo XXI (Em Portugues do Brasil)|Thomas Piketty||01/01/14|Intrinseca|559|9788580575811|||||/MyLibrary/Images/Books/115.png|115.png||||||
O Cerebro E A Inteligencia Emocional|Daniel Goleman||01/01/12|Objetiva|104|9788539003983||||Neste livro, Daniel Goleman pretende explicar o que se sabe sobre a base cerebral da inteligência emocional. Visa explorar temas temas que vão da criatividade e desempenho ótimo, a conexão cérebro-cérebro na liderança, e como melhorar a inteligência emoci|/MyLibrary/Images/Books/no_img.jpg|QtL.jpg||||||
O Código Do Talento (Em Portuguese do Brasil)|Daniel Coyle|||Agir|0|9788522011261|||||/MyLibrary/Images/Books/167.png|167.png||||||
O FATOR SORTE|MAX GUNTHER||2013|Best Business|224|9788576845751||||Tão certo quanto o fato de que não podemos domar a sorte é o fato de que ela pode ser determinante em nossas vidas. Mas se não é possível manipulá-la, pelo menos podemos buscar interpretá-la e nos prepararmos, caso ela mude. É isto que Max Gunther procura|/MyLibrary/Images/Books/95.png|95.png||||||
O gerente eficaz|Peter Ferdinand Drucker|Executives|1990|LTC|166|9788521611127||||Neste livro, o autor procura demonstrar que a eficácia pode ser aprendida, afirmando que discernimento só se torna eficácia através de trabalho sistemático, tornando-se um hábito, um complexo de normas práticas. Sumário - Introdução; Como obter os dados n|/MyLibrary/Images/Books/141.png|141.png||||||
O gerente minuto|Kenneth H. Blanchard||1994|Record|112|9788501021793||||Kenneth Blanchard e Spencer Johnson criaram um manual com três regras básicas que, se aplicadas corretamente em empresas, produzem resultados positivos em um curto espaço de tempo. São essas - Objetivo Minuto - Como estabelecer objetivos e padrões de dese|/MyLibrary/Images/Books/98.png|98.png||||||
O Instinto do Sucesso (Em Portuguese do Brasil)|Renato Grinberg||2013|Gente|0|9788573128284|||||/MyLibrary/Images/Books/84.png|84.png||||||
O Lado Bom dos Seus Problemas|Maurício Horta|Psychology|15/07/14|Super Interessante|227|9788536416199||||Livros de auto-ajuda prometem receitas mágicas para a felicidade. Este faz o contrário: convida você a encarar os seus problemas. Buscando explicações na evolução da espécie humana e na neurociência, O Lado Bom dos Seus Problemas faz uma jornada pela orig|/MyLibrary/Images/Books/215.png|215.png||||||
O Ladrão de raios|Rick Riordan|Juvenile Fiction|15/12/11|Editora Intríseca|387|9788598078397||||Primeiro volume da saga Percy Jackson e os olimpianos, O ladrão de raios esteve entre os primeiros lugares na lista das séries mais vendidas do The New York Times. O autor conjuga lendas da mitologia grega com aventuras no século XXI. Nelas, os deuses do |/MyLibrary/Images/Books/14.png|14.png||||||
O LIVRO DE OURO DA LIDERANÇA|JOHN C. MAXWELL||2015|Thomas Nelson|272|9788578602345||||O livro de ouro da liderança' descreve uma jornada que começou em 1964, quando ele tinha 17 anos. As lições passadas por Maxwell em 'O livro de ouro da liderança' são fundamentadas em suas experiências pessoais, ao longo se toda a sua vida como líder. Seu|/MyLibrary/Images/Books/64.png|64.png||||||
O Livro Mostro De Manga (Em Portuguese do Brasil)|Vários Autores||2009|Lafonte|0|9788538900122|||||/MyLibrary/Images/Books/1.png|1.png||||||
O Líder do futuro|John Naisbitt|Social prediction|2007|GMT|286|9788575422946||||Como se posicionar diante das aceleradas mudanças que a globalização e as inovações tecnológicas vêm impondo ao mundo dos negócios? Nesse ambiente altamente dinâmico, as empresas precisam entender as mudanças que realmente afetarão suas atividades e ter s|/MyLibrary/Images/Books/164.png|164.png||||||
O lúdico nos grupos: Terapêuticos, pedagógicos e organizacionais (Portuguese Edition)|Regina Fourneaut Monteiro||30/01/12|Editora Ágora|102|9788571830912|||||/MyLibrary/Images/Books/138.png|138.png||||||
O MELHOR DO MUNDO|SETH GODIN||01/01/08|Sextante|112|9788575424476||||Este livro pretende ajudar o leitor a reconhecer se está diante de uma situação na qual deve investir seu tempo, esforço e talento ou se ficou preso num beco sem saída e a decisão mais inteligente a tomar é desistir - e ter a oportuinidade de ser o melhor|/MyLibrary/Images/Books/55.png|55.png||||||
O Poder Da Persuasão|Robert B. Cialdini||2006|Elsevier Brasil|306|9788535221800||||Explica por que algumas pessoas são extraordinariamente persuasivas e como você pode vencê-las em seu próprio jogo. Fala dos seis segredos psicológicos por trás do nosso poderoso impulso para ceder, e como persuasores habilidosos usam esses segredos sem s|/MyLibrary/Images/Books/49.png|49.png||||||
O PODER DO FRACASSO|SARA LEWIS||01/01/15|Sextante|256|9788543101859||||Muitos dos empreendimentos humanos mais criativos e transformadores - de descobertas que renderam prêmios Nobel a invenções e obras de arte - não surgiram simplesmente por inspiração, mas graças a correções contínuas feitas após tentativas que não deram c|/MyLibrary/Images/Books/151.png|151.png||||||
O Ponto Da Virada|Malcolm Gladwell||2009|SExtante|288|9788575424834||||O que faz com que um produto, um serviço ou mesmo atitudes virem moda da noite para o dia? Que tipo de mudança faz, por exemplo, com que livros desconhecidos se transformem em best-sellers? Ou o que explica o aumento do consumo de cigarros entre os adoles|/MyLibrary/Images/Books/160.png|160.png||||||
O Que O Dinheiro Nao Compra (Em Portugues do Brasil)|Michael Sandel||01/01/12|Civilizacao Brasileira|0|9788520011485|||||/MyLibrary/Images/Books/177.png|177.png||||||
O que é ética|Álvaro L. M. Valls||1991|Brasiliense|82|9788511011777||||Não existe povo ou lugar que não tenha noções de bem e mal, de certo e errado. Da Grécia Antiga aos nossos dias, a ética é um conceito que sempre esteve presente em todas as sociedades. Mas apesar disso, as dúvidas são muitas. Seria a ética apenas um conj|/MyLibrary/Images/Books/187.png|187.png||||||
O SEGREDO DO TALENTO|DANIEL COYLE||06/10/14|Sextante|128|9788543101392||||Quando vemos alguém se destacar em determinada área, logo pensamos que a pessoa já nasceu com um dom para aquela atividade. Mas será que só isso explica o talento? É possível aprimorá-lo sem fazer esforço? O que você pode fazer para melhorar? Pensando nes|/MyLibrary/Images/Books/166.png|166.png||||||
O VERDADEIRO VALOR DE TI|RICHARD HUNTER||2010|M.Books|248|9788576801047||||Baseado em uma pesquisa realizada pelo MIT e pela Gartner sobre as práticas de executivos de classe mundial. O livro resume um processo pelo qual os executivos têm transformado a percepção da equipe executiva sobre TI, de gerador de custo a criador de val|/MyLibrary/Images/Books/197.png|197.png||||||
O VIES OTIMISTA|TALI SHAROT||2016|Rocco|336|9788532529930||||Respostas avançadas para perguntas fundamentais. Este é o mote da coleção Origem, em que grandes cientistas explicam questões importantes da existência de maneira clara, atraente e atual. Primeiro livro da britânica Tari Sharot no Brasil, O viés otimista |/MyLibrary/Images/Books/171.png|171.png||||||
O ócio criativo|Domenico De Masi|Creative ability in business|2000|Sextante|328|9788586796456||||Domenico De Masi expôs suas idéias sobre a sociedade e o trabalho em diversos livros destinados aos amantes da Sociologia. Atento ao crescente interesse de um público mais amplo em seus conceitos e sua visão do futuro, De Masi elabora neste livro os temas|/MyLibrary/Images/Books/213.png|213.png||||||
Os Próximos 100 Anos (Em Portuguese do Brasil)|George Friedman||2009|Best Seller|0|9788576843566|||||/MyLibrary/Images/Books/214.png|214.png||||||
Os segredos da mente milionária|T. Harv Eker|Capitalists and financiers|2006|Editora Sextante|176|9788575422397||||Neste livro o autor pretende mostrar como substituir uma mentalidade destrutiva pelos 'arquivos de riqueza', 17 modos de pensar e agir que, segundo ele, distinguem os ricos das demais pessoas.|/MyLibrary/Images/Books/65.png|65.png||||||
OS SEGREDOS DO GERENTE 80/20|RICHARD KOCH||01/01/14|Fontanar|208|9788539005642||||Os segredos do gerente 80/20 vai lhe mostrar como se tornar uma versão mais eficaz de si mesmo e alcançar resultados excepcionais na sua vida profissional com apenas uma fração do esforço. Concentrado em dez caminhos extremamente práticos, o livro indica |/MyLibrary/Images/Books/161.png|161.png||||||
Pai Rico, Pai Pobre: O que os ricos ensinam a seus filhos sobre dinheiro|Kiyosaki, Robert|Business & Economics|17/01/17|Alta Books Editora|192|9788535206234|||||/MyLibrary/Images/Books/208.png|208.png||||||
Patrimônio (Em Portuguese do Brasil)|Mauro Halfeld||2008|Globo|0|9788525047564|||||/MyLibrary/Images/Books/210.png|210.png||||||
PENSE COMO UM FREAK|STEPHEN J. DUBNER||01/01/14|Record2|252|9788501067319||||Nesta obra os autores ensinam a pensar de maneira pouco convencional e a fazer as perguntas certas (e inesperadas) na hora de tomar decisões e analisar qualquer assunto.|/MyLibrary/Images/Books/176.png|176.png||||||
Pequenas Atitudes, Grandes Mudanças. Microrresoluções Para Transformar Sua Vida (Em Portuguese do Brasil)|Caroline L. Arnold||01/01/15|Sextante|0|9788543102443|||||/MyLibrary/Images/Books/23.png|23.png||||||
Perguntas Poderosas. Construa Relacionamentos, Vença em Novos Negócios (Em Portuguese do Brasil)|Andrew Sobel||2012|QualityMark|0|9788541400282|||||/MyLibrary/Images/Books/45.png|45.png||||||
PIPELINE DE LIDERANÇA - O DESENVOLVIMENTO|RAM CHARAN||2009|Elsevier|216|8535234861||||Nesta obra, os autores procuraram desenvolver um modelo de seis passagens para entender as exigências de liderança necessárias em uma companhia. Esse modelo, baseado no trabalho 'Encruzilhadas críticas de carreira', é chamado de 'pipeline de liderança'. S|/MyLibrary/Images/Books/pipelinedelideranca.jpg|pipelinedelideranca.jpg||||||
PNL PARA A VIDA DIARIA - PROGRAMAÇAO|JOAO ANATALINO RODRIGUES||2014|Madras|144|9788537009116||||A sabedoria xamânica ensina que o homem é filho do Pai Céu e da Mãe Terra. Antigas tradições sustentam que o organismo do homem é composto por quatro elementos naturais que são o Ar, a Terra, o Fogo e a Água. Ele se move em quatro direções - Norte, Sul, L|/MyLibrary/Images/Books/123.png|123.png||||||
Poder da Presenca, O: Como a Linguagem Corporal Pode Ajudar Voce a Aumentar sua Autoconfianca e a Enfrentar os Desafio|Cuddy Amy||2016|Sextante|0|9788543103907|||||/MyLibrary/Images/Books/25.png|25.png||||||
PODER SEM LIMITES|ANTHONY ROBBINS||01/01/97|Best Seller|386|9788576844198||||Não importa a idade, posição social ou profissional, para Anthony Robbins, todos são capazes de fazer, ter e ser exatamente o que quiserem. Esta obra procura revelar as principais técnicas para o sucesso baseadas no autoconhecimento e na ação. Com elas, o|/MyLibrary/Images/Books/124.png|124.png||||||
Por que trabalhamos: Como Grandes Líderes Constroem Organizações Comprometidas que Vencem|DAVE ULRICH||2010|Bookman|247|9788577808014||||Consultores e autores nas áreas de treinamento e gestão de pessoas, Dave e Wendy Ulrich investiram anos de estudo para chegar às razões que justificam o nosso trabalho. O que as pessoas buscam no trabalho? Essa é uma questão fundamental também para as emp|/MyLibrary/Images/Books/38.png|38.png||||||
Por que? Como Grandes Líderes Inspiram Ação (Em Portuguese do Brasil)|Simon Sinek||2011|Saraiva|0|9788502180291|||||/MyLibrary/Images/Books/20.png|20.png||||||
Porque Algumas Pessoas Fazem Sucesso E Outras Não|Carol S. Dweck||2008|Editora Objetiva|264|9788573027624||||Em 'Porque algumas pessoas fazem sucesso e outras não', a especialista em motivação e psicologia da personalidade Carol Dweck mostra o que descobriu em mais de 20 anos de pesquisa o código mental não é uma mera peculiaridade. Ele cria todo o mundo mental |/MyLibrary/Images/Books/43.png|43.png||||||
Prato Sujo|Marcia Kedouk|Health & Fitness|01/12/13|Super Interessante|234|9788536416434||||Sexo, dogs e hot rollComeçou com um docinho depois do almoço. Depois, era batata frita a semana toda. Essa é a história de um cérebro viciado e prostituído: ele sabe que salada é mais digna para a saúde, mas gosta mesmo é de açúcar, sal, gordura, farinha |/MyLibrary/Images/Books/191.png|191.png||||||
Principio do Progresso - The Progress Principle (Em Portugues do Brasil)|Teresa Amabile / Steven Kramer||01/01/13|Rocco|0|9788532528612|||||/MyLibrary/Images/Books/40.png|40.png||||||
Principios de estatística: 900 exercícios resolvidos e propostos|Gilberto de Andrade Martins||1979|Atlas|256|9788522406043||||Este livro proporciona o aprendizado dos princípios de Estatística, abrindo caminho às necessidades dos cursos profissionalizantes das redes de ensino particular e pública e aos universitários dos cursos de humanidades. O livro traz os seguintes temas - M|/MyLibrary/Images/Books/192.png|192.png||||||
Projetando Espacos - Areas Residenciais|Miriam Gurgel||2004|Senac|301|9788573593204||||Projetando espaços - guia de arquitetura de interiores para áreas residenciais' apresenta, de forma objetiva, os conceitos e princípios básicos da arquitetura de interiores. Um manual útil tanto para profissionais como para alunos dos cursos de design de |/MyLibrary/Images/Books/119.png|119.png||||||
Projetando websites|Jakob Nielsen||2000|Gulf Professional Publishing|416|9788535206562|||||/MyLibrary/Images/Books/111.png|111.png||||||
Psicologia aplicada a administracao|Maria Aprecida Ferreira de Aguiar||2002||3436|9788588365018|||||/MyLibrary/Images/Books/no_img.jpg|no_img.jpg||||||
Quebre As Regras Reinvente (Em Portuguese do Brasil)|Seth Godin||2012|Agir|0|9788522013098|||||/MyLibrary/Images/Books/158.png|158.png||||||
QUESTAO DE CARATER, UMA|PAUL TOUGH||01/01/14|Intrinseca|272|9788580574845||||Por que algumas crianças se tornam adultos bem-sucedidos e outras não? Essa pergunta intriga pais e pedagogos do mundo inteiro, e a resposta mais comum tende a ser que o potencial de sucesso de uma criança varia de acordo com sua inteligência. Mas, nas úl|/MyLibrary/Images/Books/118.png|118.png||||||
Rapido E Devagar|Daniel Kahneman||01/01/12|Objetiva2|624|9788539003839||||Nesta obra, Daniel Kahneman procura mostrar as formas que controlam a mente - o pensamento rápido, intuitivo e emocional e o devagar, lógico e ponderado. Daniel busca mostrar a capacidade do pensamento rápido, sua influência persuasiva nas decisões e até |/MyLibrary/Images/Books/61.png|61.png||||||
Regras da comida (Portuguese Edition)|Michael Pollan||01/09/10|Intrínseca|134|9788598078922|||||/MyLibrary/Images/Books/no_img.jpg|MOL.jpg||||||
Regras simples: Como viver tranquilo e organizado em um mundo cada vez mais complexo (Portuguese Edition)|Donal Sull||12/01/17|Intrínseca|275|9788551001042|||||/MyLibrary/Images/Books/132.png|132.png||||||
Reinventando o Seu Próprio Sucesso (Em Portuguese do Brasil)|Marshall Goldsmith||2007|Elsevier|0|9788535213409|||||/MyLibrary/Images/Books/165.png|165.png||||||
SAPIENS - UMA BREVE HISTORIA DA HUMANIDADE|YUVAL NOAH HARARI||01/01/15|L & Pm|464|9788525432186||||O autor repassa a história da humanidade, ou do homo sapiens, desde o surgimento da espécie durante a pré-história até o presente, mas em vez de apenas 'inventariar' os fatos históricos, ele os relaciona com questões do presente e os questiona de maneira |/MyLibrary/Images/Books/29.png|29.png||||||
Scrum Guia Prático para Projetos Ágeis - 2ª edição|Cesar Brod|Business & Economics|29/06/15|Novatec Editora|200|9788575224410||||Praticar o Scrum é como tocar violão: com poucos acordes e um mínimo de talento é possível obter um bom resultado e impressionar muita gente. Mas daí a tocar em uma orquestra há um bom caminho de estudos a ser trilhado. O Scrum, por sua simplicidade e sua|/MyLibrary/Images/Books/199.png|199.png||||||
Scrum. A Arte de Faze o Dobro do Trabalho na Metade do Tempo (Em Portuguese do Brasil)|Jeff Sutherland||2014|LeYa|0|9788544100875|||||/MyLibrary/Images/Books/162.png|162.png||||||
Sete hábitos das pessoas altamente eficazes|Stephen R. Covey|Character|2000|Ícone|440|9788571236875||||Com idéias que conduzem a melhorias sensíveis em termos de desempenho profissional e satisfação pessoal, Stephen R. Covey promove verdadeira revolução no universo da administração. Conheça os 7 hábitos das pessoas altamente eficazes - seja pró-ativo; come|/MyLibrary/Images/Books/217.png|217.png||||||
SLIDE-OLOGY - PORTUGUES BRASIL|Nancy Duarte||2010|Universo dos Livros|0|9788579300837|||||/MyLibrary/Images/Books/36.png|36.png||||||
SOBRE A CRIATIVIDADE|DAVID BOHM||2011|UNESP|142|9788539301256||||Esta obra aborda o processo criativo, onde o autor trata de sua considerada importância para a ciência, a arte e a vida em geral. Ao longo do ensaio, ele reflete sobre o que pode incitar a mente e procura compreender o contraste entre o pensamento mecânic|/MyLibrary/Images/Books/99.png|99.png||||||
Sobre ética y economía|Amartya Sen||1999|Editora Companhia das Letras|143|9788571649217||||Neste seu primeiro livro traduzido no Brasil, Amartya Sen traça um fascinante mapa de discussões e propostas numa perspectiva sob a qual a ética e economia são teorias interdependentes. A síntese do autor está estruturada pela seguinte idéia - se há acord|/MyLibrary/Images/Books/194.png|194.png||||||
Sociologia|Cristina Costa||2000|Moderna|307|9788516016630|||||/MyLibrary/Images/Books/201.png|201.png||||||
Sonho grande|Cristiane Correa|Businesspeople|2013|Sextante|264|9788575429105||||Jorge Paulo Lemann, Marcel Telles e Beto Sicupira ergueram, em pouco mais de quatro décadas, o maior império da história do capitalismo brasileiro e ganharam uma projeção sem precedentes no cenário mundial. Eles compraram nada menos que três marcas americ|/MyLibrary/Images/Books/79.png|79.png||||||
Sucesso: Como Alcançar Suas Metas|Halvorson, Heidi Grant|Self-Help|09/05/12|Alta Books Editora|264|9788576086666||||“A cada dez anos, aproximadamente, alguém diz algo de original na área de desenvolvimento pessoal. Heidi Grant Halvorson é uma destas pessoas. Se você alguma vez fracassou em algum projeto ou busca realizar algo, Sucessoé uma leitura obrigatória.” — Mathe|/MyLibrary/Images/Books/41.png|41.png||||||
São José|Leonardo Boff|Religion|2005|VERUS|214|9788587795700||||Com prefácio de Paulo Coelho, fervoroso devoto de São José, este livro de Leonardo Boff é fruto de 20 anos de pesquisas que resgatam o lado divino da figura do carpinteiro José, pai de Jesus, de cuja vida pouco ou quase nada se conhece. 'São José, a perso|/MyLibrary/Images/Books/9.png|9.png||||||
TED - FALAR, CONVENCER, EMOCIONAR|CARMINE GALLO||2013|Saraiva|288|9788502230408||||Grandes ideias merecem ser compartilhadas. Com essa filosofia, as palestras TED se tornaram mundialmente conhecidas por sua qualidade e alcance. Em 'TED - falar, convencer, emocionar', Carmine Gallo revela as técnicas utilizadas por grandes oradores para |/MyLibrary/Images/Books/153.png|153.png||||||
TERAPIA COGNITIVO-COMPORTAMENTAL|JUDITH S. BECK||2013|Artmed|414|9788582710081||||Esta edição do livro sobre a terapia cognitivo-comportamental (TCC), além dos fundamentos da técnica, traz informações sobre a prática, apresentando sugestões e exemplos que contemplam, entre outros tópicos, a ativação comportamental, a relação terapêutic|/MyLibrary/Images/Books/133.png|133.png||||||
Tornar-se Pessoa|Carl R. Rogers||2009|WMF Martins Fontes|0|9788578270858|||||/MyLibrary/Images/Books/21.png|21.png||||||
TRABALHE 4 HORAS POR SEMANA|TIMOTHY FERRISS||2008|PLANETA DO BRASIL - GRUPO PLANETA|320|9788576653547||||Trabalhe 4 horas por semana' pretende ensinar passo a passo como construir um estilo de vida que valorize o tempo livre desde agora, ou seja, antes mesmo da aposentadoria. Seguindo as sugestões do autor, o leitor pode não apenas conseguir aproveitar seu t|/MyLibrary/Images/Books/146.png|146.png||||||
Transformando-se...|STEVE ANDREAS||1991|Grupo Editorial Summus|208|9788532300690||||Neste livro, continuação de Usando Sua Mente, de Richard Bandler, os autores aprofundam e ampliam a compreensão de como, através da linguagem, podemos ter acesso às experiências passadas e apresentam novas combinações, sequências e caminhos para utilizá-l|/MyLibrary/Images/Books/71.png|71.png||||||
TUDO E OBVIO - DESDE QUE VOCE SAIBA A RESPOSTA|DUNCAN J. WATTS||01/01/11|Paz e Terra|328|9788577531912||||Nesta obra, Duncan Watts procura mostrar que as explicações que as pessoas dão para o que observam na vida podem ser menos úteis do que parecem e conspiram para fazê-las acreditar que entendem mais sobre o comportamento humano do que de fato entendem. Sum|/MyLibrary/Images/Books/181.png|181.png||||||
Turma da Magali Jovem: 01 (Em Portuguese do Brasil)|Mauricio de Sousa||2011|Panini|0|9788573518580|||||/MyLibrary/Images/Books/3.png|3.png||||||
Técnicas De Mangá - Curso Avançado (Em Portuguese do Brasil)|Mai Yamaki||2008|JBC|0|9788587679710|||||/MyLibrary/Images/Books/13.png|13.png||||||
UNICA COISA, A - O FOCO PODE TRAZER RESULTADOS|JAY PAPASAN||08/05/14|Novo Século|208|9788542801842||||Ocupado demais para ler um livro? Tudo bem, não há nada de errado em se dedicar a seu trabalho, a sua família, a seu futuro. A questão é - você está focado no que é realmente importante? Você dedica, hoje, a maior parte de seu tempo a alguma coisa, uma Ún|/MyLibrary/Images/Books/78.png|78.png||||||
Vire a Empresa do Avesso: Desafie as Regras e Construa um Empreendimento Divertido e Lucrativo|Robert Townsend||2012|Saraiva|0|9788502197534|||||/MyLibrary/Images/Books/170.png|170.png||||||
Você É Indispensável (Em Portuguese do Brasil)|Seth Godin||2011|Agir|0|9788522011322|||||/MyLibrary/Images/Books/50.png|50.png||||||
Álgebra linear para cursos de economia|Carlos Eduardo Pedreira, Regina Posternak.||2003|Campus||9788535211528|||||/MyLibrary/Images/Books/no_img.jpg|no_img.jpg||||||
Ética na vida das empresas : depoimentos e experiências|Maria do Carmo Whitaker||2007|DVS|284|9788588329386|||||/MyLibrary/Images/Books/180.png|180.png||||||
